{
    "pattern_type": "charuco",
    "camera_matrix_1": [
        [
            351.991634212249,
            0.0,
            339.17117959828505
        ],
        [
            0.0,
            379.33554151593677,
            231.36730669822913
        ],
        [
            0.0,
            0.0,
            1.0
        ]
    ],
    "dist_coeffs_1": [
        [
            0.0854381484988794,
            -0.08748337812502749,
            0.02452027103292577,
            -0.10768026648521306,
            0.04256497927915892
        ]
    ],
    "camera_matrix_2": [
        [
            30.77909779352214,
            0.0,
            319.1202634859107
        ],
        [
            0.0,
            49.480562254375656,
            239.4693373123219
        ],
        [
            0.0,
            0.0,
            1.0
        ]
    ],
    "dist_coeffs_2": [
        [
            0.0030999762008539727,
            -0.00012505974961414803,
            -0.0014454434949794602,
            0.02134730442284672,
            1.4204276465027093e-06
        ]
    ],
    "R": [
        [
            0.8214017974146339,
            -0.01454939478340539,
            -0.5701643642980903
        ],
        [
            0.0036260659244059046,
            0.9997875892435408,
            -0.020288618496603586
        ],
        [
            0.5703384423742806,
            0.014597654127478113,
            0.8212800799021329
        ]
    ],
    "T": [
        [
            0.9348427205084737
        ],
        [
            -0.1542381600133429
        ],
        [
            -0.30232774876322993
        ]
    ],
    "E": [
        [
            -0.08687169158889232,
            0.30001201578428316,
            -0.1328065407353104
        ],
        [
            -0.7815092973221747,
            -0.009247824926838958,
            -0.5953911955118669
        ],
        [
            0.13008130319840047,
            0.93240007797834,
            -0.10690776976523822
        ]
    ],
    "F": [
        [
            -9.838138029325697e-06,
            3.1526959466909395e-05,
            -0.009251525325001127
        ],
        [
            -5.505414745582075e-05,
            -6.045111259132267e-07,
            0.004049099571262033
        ],
        [
            0.01677675434100709,
            -0.006900336057965512,
            1.0
        ]
    ],
    "baseline": 0.9945463235889159,
    "image_size": [
        640,
        480
    ],
    "frames_used": 101,
    "timestamp": "2026-01-27 08:27:40"
}